,Date,Open,High,Low,Close
0,2021-03-01,1733.82,1759.54,1719.77,1724.95
1,2021-03-02,1724.96,1739.18,1707.31,1738.48
2,2021-03-03,1738.22,1740.52,1702.28,1711.04
3,2021-03-04,1710.98,1722.91,1690.94,1697.5
4,2021-03-05,1697.72,1707.48,1687.56,1698.33
5,2021-03-08,1703.55,1714.2,1676.95,1683.6
6,2021-03-09,1683.48,1720.69,1680.31,1716.17
7,2021-03-10,1716.11,1726.89,1708.26,1726.72
8,2021-03-11,1726.76,1739.91,1719.47,1722.6
9,2021-03-12,1722.34,1727.98,1699.35,1724.54
10,2021-03-15,1727.89,1734.57,1721.97,1732.16
11,2021-03-16,1730.77,1741.16,1726.38,1732.485
12,2021-03-17,1731.95,1751.65,1724.19,1747.38
13,2021-03-18,1747.5,1755.55,1719.31,1736.18
14,2021-03-19,1735.06,1746.74,1728.62,1745.0
15,2021-03-22,1738.18,1743.1,1727.58,1739.695
16,2021-03-23,1739.65,1742.53,1724.76,1727.48
17,2021-03-24,1727.02,1738.42,1724.08,1734.765
18,2021-03-25,1734.18,1745.52,1722.1,1727.855
19,2021-03-26,1727.96,1736.78,1721.7,1732.57
20,2021-03-29,1731.7,1733.2,1705.94,1712.21
21,2021-03-30,1712.37,1714.45,1678.92,1685.195
22,2021-03-31,1685.595,1715.2,1677.75,1707.65
23,2021-04-01,1708.0,1730.65,1705.85,1729.7
24,2021-04-05,1728.6,1733.56,1721.36,1728.33
25,2021-04-06,1728.6,1745.48,1727.3,1743.3
26,2021-04-07,1743.05,1744.43,1730.76,1737.7
27,2021-04-08,1737.9,1758.71,1733.24,1755.6
28,2021-04-09,1755.65,1757.39,1731.41,1742.98
29,2021-04-12,1743.0,1745.05,1727.79,1732.85
30,2021-04-13,1732.7,1748.94,1723.8,1745.34
31,2021-04-14,1745.65,1749.39,1732.88,1736.45
32,2021-04-15,1736.43,1769.64,1734.2,1763.64
33,2021-04-16,1763.75,1783.79,1759.91,1775.98
34,2021-04-19,1777.5,1790.06,1766.85,1771.45
35,2021-04-20,1770.85,1780.43,1763.77,1778.91
36,2021-04-21,1778.71,1797.57,1776.36,1793.65
37,2021-04-22,1794.0,1797.87,1777.53,1784.16
38,2021-04-23,1784.43,1795.98,1770.09,1776.3
39,2021-04-26,1776.05,1783.5,1769.1,1781.25
40,2021-04-27,1781.26,1785.58,1773.91,1776.65
41,2021-04-28,1776.7,1782.63,1762.69,1781.63
42,2021-04-29,1782.3,1790.0,1756.29,1772.03
43,2021-04-30,1772.88,1773.7,1764.4,1767.94
44,2021-05-03,1770.46,1797.89,1766.21,1792.995
45,2021-05-04,1794.015,1799.0,1771.29,1778.78
46,2021-05-05,1779.01,1788.07,1770.56,1786.86
47,2021-05-06,1787.23,1818.08,1782.2,1814.96
48,2021-05-07,1815.08,1843.26,1813.0,1832.13
49,2021-05-10,1832.78,1845.41,1830.15,1836.15
50,2021-05-11,1836.11,1841.81,1818.27,1837.49
51,2021-05-12,1837.51,1843.49,1813.43,1815.41
52,2021-05-13,1815.92,1828.73,1809.02,1826.5
53,2021-05-14,1826.49,1843.65,1819.98,1842.74
54,2021-05-17,1842.4,1868.49,1842.24,1866.85
55,2021-05-18,1865.7,1874.92,1863.39,1869.55
56,2021-05-19,1869.61,1890.07,1852.23,1869.52
57,2021-05-20,1869.71,1883.83,1863.96,1877.22
58,2021-05-21,1877.65,1889.34,1870.21,1879.9
59,2021-05-24,1881.99,1887.05,1875.79,1880.88
60,2021-05-25,1881.11,1900.32,1872.85,1899.16
61,2021-05-26,1899.09,1912.81,1890.83,1896.79
62,2021-05-27,1896.42,1903.73,1888.55,1896.37
63,2021-05-28,1897.53,1905.48,1882.52,1904.85
64,2021-05-31,1903.54,1910.62,1902.21,1906.75
65,2021-06-01,1907.4,1916.59,1892.53,1900.3
66,2021-06-02,1900.07,1909.1,1894.58,1908.28
67,2021-06-03,1907.96,1909.65,1865.55,1870.59
68,2021-06-04,1871.005,1896.13,1855.96,1891.53
69,2021-06-07,1891.66,1900.16,1881.61,1899.25
70,2021-06-08,1899.0,1903.35,1884.33,1892.91
71,2021-06-09,1892.14,1898.91,1887.42,1888.62
72,2021-06-10,1888.84,1899.95,1870.56,1898.33
73,2021-06-11,1898.44,1903.02,1874.33,1876.63
74,2021-06-14,1877.82,1877.9,1845.01,1866.19
75,2021-06-15,1866.47,1869.1,1851.54,1858.8
76,2021-06-16,1859.38,1862.7,1804.22,1811.75
77,2021-06-17,1811.93,1825.34,1767.33,1773.29
78,2021-06-18,1773.05,1797.33,1761.31,1762.06
79,2021-06-21,1764.69,1786.53,1764.69,1783.15
80,2021-06-22,1783.02,1790.18,1772.75,1778.7
81,2021-06-23,1779.0,1794.79,1773.54,1778.7
82,2021-06-24,1778.49,1788.01,1773.04,1775.15
83,2021-06-25,1775.51,1790.3,1773.46,1779.39
84,2021-06-28,1781.11,1785.89,1770.76,1778.37
85,2021-06-29,1778.27,1779.02,1751.16,1761.17
86,2021-06-30,1761.71,1774.42,1753.46,1770.21
87,2021-07-01,1770.03,1782.78,1765.85,1776.76
88,2021-07-02,1777.05,1795.07,1774.45,1787.97
89,2021-07-05,1787.48,1794.46,1784.55,1791.745
90,2021-07-06,1792.1,1815.02,1790.22,1797.02
91,2021-07-07,1796.96,1809.63,1793.99,1803.65
92,2021-07-08,1803.97,1818.34,1794.9,1802.71
93,2021-07-09,1802.95,1812.37,1796.78,1808.33
94,2021-07-12,1808.02,1810.7,1791.78,1806.18
95,2021-07-13,1806.36,1817.15,1799.05,1807.7
96,2021-07-14,1808.25,1829.81,1804.7,1827.41
97,2021-07-15,1827.4,1833.93,1820.41,1829.49
98,2021-07-16,1829.43,1832.09,1809.3,1811.01
99,2021-07-19,1811.35,1817.34,1795.22,1812.23
100,2021-07-20,1812.75,1824.9,1805.2,1810.27
101,2021-07-21,1810.68,1813.8,1794.91,1803.51
102,2021-07-22,1803.8,1808.09,1792.92,1806.93
103,2021-07-23,1807.225,1810.4,1790.8,1801.45
104,2021-07-26,1802.36,1811.53,1796.48,1797.48
105,2021-07-27,1797.53,1805.23,1793.73,1798.96
106,2021-07-28,1799.02,1809.86,1792.91,1807.15
107,2021-07-29,1807.38,1832.68,1806.96,1828.17
108,2021-07-30,1828.31,1831.29,1810.45,1813.91
109,2021-08-02,1814.2,1819.57,1805.87,1813.33
110,2021-08-03,1813.44,1815.1,1807.22,1810.5
111,2021-08-04,1810.7,1831.63,1806.76,1812.08
112,2021-08-05,1811.97,1814.92,1798.07,1804.355
113,2021-08-06,1804.55,1804.86,1758.3,1760.33
114,2021-08-09,1763.53,1764.67,1671.9,1729.7
115,2021-08-10,1730.26,1738.39,1717.87,1729.15
116,2021-08-11,1729.3,1754.29,1724.5,1751.73
117,2021-08-12,1751.18,1758.2,1741.97,1752.66
118,2021-08-13,1752.68,1779.27,1751.86,1778.57
119,2021-08-16,1789.0,1789.25,1770.6,1787.25
120,2021-08-17,1787.59,1795.36,1780.68,1786.06
121,2021-08-18,1786.24,1793.82,1777.44,1787.74
122,2021-08-19,1787.6,1792.35,1774.76,1780.13
123,2021-08-20,1780.32,1788.46,1778.56,1782.18
124,2021-08-23,1786.95,1806.51,1776.6,1805.5
125,2021-08-24,1805.3,1809.51,1800.64,1802.95
126,2021-08-25,1803.07,1803.07,1782.87,1790.9
127,2021-08-26,1790.96,1798.22,1780.26,1792.09
128,2021-08-27,1792.96,1819.16,1785.62,1818.45
129,2021-08-30,1818.41,1823.31,1807.62,1810.16
130,2021-08-31,1810.075,1819.21,1801.94,1813.47
131,2021-09-01,1814.095,1820.06,1808.57,1813.83
132,2021-09-02,1813.85,1817.19,1805.19,1809.565
133,2021-09-03,1809.3,1834.1,1808.09,1828.65
134,2021-09-06,1830.355,1830.355,1820.7,1823.37
135,2021-09-07,1823.3,1827.33,1792.43,1794.4
136,2021-09-08,1794.42,1802.04,1782.6,1789.23
137,2021-09-09,1789.14,1801.04,1783.73,1794.5
138,2021-09-10,1794.6,1803.94,1787.16,1787.9
139,2021-09-13,1787.9,1798.49,1783.84,1793.63
140,2021-09-14,1793.5,1808.77,1780.75,1804.61
141,2021-09-15,1804.515,1806.92,1790.61,1793.775
142,2021-09-16,1794.35,1796.24,1745.22,1753.41
143,2021-09-17,1754.195,1767.41,1747.29,1751.65
144,2021-09-20,1754.5,1767.16,1742.255,1764.095
145,2021-09-21,1764.6,1781.7,1757.94,1774.19
146,2021-09-22,1774.15,1787.3,1764.995,1768.205
147,2021-09-23,1768.65,1776.47,1738.095,1742.76
148,2021-09-24,1743.3,1757.69,1740.65,1746.72
149,2021-09-27,1751.735,1760.91,1744.93,1750.085
150,2021-09-28,1750.25,1754.53,1727.19,1733.93
151,2021-09-29,1734.2,1745.66,1721.53,1726.35
152,2021-09-30,1726.13,1764.29,1722.04,1756.895
153,2021-10-01,1756.8,1764.18,1749.56,1760.07
154,2021-10-04,1760.08,1770.46,1747.84,1769.44
155,2021-10-05,1769.425,1769.44,1749.18,1759.96
156,2021-10-06,1760.03,1765.08,1746.01,1762.65
157,2021-10-07,1763.07,1766.96,1752.18,1755.17
158,2021-10-08,1756.09,1781.37,1753.44,1756.88
159,2021-10-11,1757.565,1760.98,1750.38,1754.2
160,2021-10-12,1754.075,1769.4,1750.85,1760.11
161,2021-10-13,1760.14,1796.02,1758.09,1793.05
162,2021-10-14,1792.85,1800.47,1786.84,1796.01
163,2021-10-15,1795.99,1796.48,1764.97,1768.33
164,2021-10-18,1767.875,1772.1,1760.42,1764.87
165,2021-10-19,1765.02,1785.16,1763.01,1769.54
166,2021-10-20,1769.36,1788.44,1766.97,1782.04
167,2021-10-21,1782.2,1789.31,1776.62,1782.83
168,2021-10-22,1783.34,1813.74,1783.04,1794.13
169,2021-10-25,1794.33,1809.98,1792.37,1807.73
170,2021-10-26,1807.38,1808.34,1782.46,1792.85
171,2021-10-27,1793.26,1799.1,1783.57,1797.0
172,2021-10-28,1796.67,1810.36,1792.49,1798.86
173,2021-10-29,1799.6,1801.15,1772.11,1782.82
174,2021-11-01,1780.88,1795.82,1779.35,1791.87
175,2021-11-02,1791.86,1796.44,1786.3,1787.09
176,2021-11-03,1787.11,1787.7,1758.99,1773.85
177,2021-11-04,1773.86,1798.95,1770.9,1791.43
178,2021-11-05,1791.47,1818.34,1785.335,1818.215
179,2021-11-08,1818.165,1826.4,1812.2,1824.32
180,2021-11-09,1824.89,1832.75,1819.23,1831.83
181,2021-11-10,1831.91,1868.27,1822.71,1849.36
182,2021-11-11,1849.77,1865.94,1843.02,1862.0
183,2021-11-12,1861.86,1868.5,1845.29,1866.08
184,2021-11-15,1867.85,1870.07,1856.38,1862.8
185,2021-11-16,1862.91,1877.09,1849.64,1850.43
186,2021-11-17,1850.32,1868.01,1849.64,1867.43
187,2021-11-18,1866.9,1870.96,1855.39,1858.91
188,2021-11-19,1859.23,1865.39,1843.15,1846.97
189,2021-11-22,1847.07,1849.13,1802.39,1804.8
190,2021-11-23,1807.295,1812.37,1782.16,1789.12
191,2021-11-24,1789.28,1796.4,1778.83,1788.64
192,2021-11-25,1788.34,1795.12,1786.17,1788.635
193,2021-11-26,1788.705,1815.46,1780.995,1791.875
194,2021-11-29,1791.875,1799.44,1780.525,1784.71
195,2021-11-30,1785.15,1808.71,1770.01,1774.96
196,2021-12-01,1775.085,1793.41,1772.25,1781.87
197,2021-12-02,1781.97,1783.35,1762.08,1768.3
198,2021-12-03,1769.75,1786.16,1766.23,1782.96
199,2021-12-06,1785.3,1787.66,1776.05,1778.48
200,2021-12-07,1778.935,1787.69,1772.44,1784.17
201,2021-12-08,1784.575,1793.08,1779.77,1783.09
202,2021-12-09,1783.25,1787.58,1774.01,1775.17
203,2021-12-10,1776.02,1789.33,1770.2,1782.9
204,2021-12-13,1783.395,1791.39,1781.925,1786.68
205,2021-12-14,1786.15,1789.58,1766.82,1770.7
206,2021-12-15,1771.32,1780.88,1754.81,1777.13
207,2021-12-16,1778.36,1799.64,1775.65,1799.23
208,2021-12-17,1799.16,1814.27,1796.06,1796.14
209,2021-12-20,1800.04,1804.17,1787.18,1790.9
210,2021-12-21,1791.56,1800.42,1784.95,1788.97
211,2021-12-22,1788.7,1805.03,1786.02,1803.66
212,2021-12-23,1803.935,1810.7,1799.02,1808.57
213,2021-12-27,1808.005,1813.47,1803.15,1811.97
214,2021-12-28,1811.67,1820.16,1805.16,1806.15
215,2021-12-29,1806.19,1807.73,1789.53,1804.38
216,2021-12-30,1804.48,1817.18,1796.26,1814.69
217,2021-12-31,1815.085,1830.35,1814.59,1829.5
218,2022-01-03,1830.05,1831.82,1798.48,1801.32
219,2022-01-04,1802.37,1816.72,1799.15,1814.64
220,2022-01-05,1814.09,1829.66,1808.42,1810.29
221,2022-01-06,1810.76,1811.49,1786.53,1790.98
222,2022-01-07,1791.22,1798.64,1782.98,1795.81
223,2022-01-10,1796.0,1802.36,1790.49,1801.74
224,2022-01-11,1800.79,1823.28,1800.23,1821.54
225,2022-01-12,1820.82,1828.08,1814.89,1826.27
226,2022-01-13,1825.9,1828.0,1812.58,1822.7
227,2022-01-14,1821.585,1829.17,1814.8,1816.6
228,2022-01-17,1817.73,1823.24,1813.2,1819.255
229,2022-01-18,1818.85,1822.82,1805.88,1813.81
230,2022-01-19,1813.67,1843.32,1810.37,1840.56
231,2022-01-20,1839.8,1847.81,1836.12,1839.6
232,2022-01-21,1839.34,1843.17,1828.6,1831.78
233,2022-01-24,1834.54,1844.27,1830.0,1843.17
234,2022-01-25,1842.99,1853.88,1835.09,1848.15
235,2022-01-26,1847.955,1850.15,1815.36,1819.45
236,2022-01-27,1820.015,1822.21,1791.91,1797.2
237,2022-01-28,1798.075,1799.44,1780.33,1788.87
238,2022-01-31,1790.41,1799.79,1785.62,1797.35
239,2022-02-01,1797.985,1808.79,1795.78,1801.11
240,2022-02-02,1800.655,1810.81,1794.64,1806.9
241,2022-02-03,1807.07,1808.98,1788.88,1804.86
242,2022-02-04,1805.39,1814.93,1792.64,1808.13
243,2022-02-07,1807.59,1823.58,1807.12,1820.54
244,2022-02-08,1820.93,1828.82,1815.49,1826.03
245,2022-02-09,1826.01,1835.83,1825.0,1832.99
246,2022-02-10,1832.76,1841.96,1821.93,1826.68
247,2022-02-11,1826.775,1865.44,1821.39,1861.27
248,2022-02-14,1861.01,1874.19,1850.96,1871.42
249,2022-02-15,1871.49,1879.51,1844.935,1853.55
250,2022-02-16,1853.83,1872.58,1850.51,1869.61
251,2022-02-17,1869.75,1901.16,1867.89,1898.4
252,2022-02-18,1898.63,1902.49,1886.71,1897.03
253,2022-02-21,1901.16,1908.28,1887.73,1904.075
254,2022-02-22,1908.21,1914.15,1891.6,1898.49
255,2022-02-23,1898.94,1910.55,1889.75,1909.19
256,2022-02-24,1910.4,1974.04,1881.06,1904.1
257,2022-02-25,1906.015,1921.34,1883.24,1890.79
258,2022-02-28,1889.24,1931.48,1889.24,1908.82
259,2022-03-01,1907.645,1950.04,1901.47,1945.135
260,2022-03-02,1944.305,1947.97,1914.25,1928.67
261,2022-03-03,1928.965,1941.15,1922.17,1936.31
262,2022-03-04,1937.23,1970.25,1929.79,1967.46
263,2022-03-07,1970.93,2002.6,1961.44,1997.7
264,2022-03-08,1996.775,2069.94,1981.29,2050.01
265,2022-03-09,2049.48,2059.18,1976.17,1991.97
266,2022-03-10,1991.62,2009.07,1970.99,1996.87
267,2022-03-11,1997.12,1999.02,1959.04,1982.68
268,2022-03-14,1980.54,1981.04,1949.82,1953.71
269,2022-03-15,1953.56,1954.69,1907.39,1916.26
270,2022-03-16,1916.25,1929.54,1895.48,1925.71
271,2022-03-17,1925.86,1949.75,1925.33,1941.27
272,2022-03-18,1941.27,1945.21,1918.16,1921.13
273,2022-03-21,1920.22,1939.96,1918.33,1936.24
274,2022-03-22,1936.24,1938.36,1911.29,1920.87
275,2022-03-23,1920.74,1948.41,1915.59,1945.21
276,2022-03-24,1945.16,1965.74,1937.59,1958.42
277,2022-03-25,1958.33,1964.27,1943.37,1958.16
278,2022-03-28,1959.24,1959.75,1917.11,1922.78
279,2022-03-29,1923.06,1929.38,1890.42,1919.48
280,2022-03-30,1920.21,1938.18,1916.08,1932.71
281,2022-03-31,1933.31,1949.8,1919.39,1937.27
282,2022-04-01,1937.58,1939.54,1918.09,1922.73
283,2022-04-04,1925.5,1936.8,1916.2,1932.74
284,2022-04-05,1932.89,1944.57,1918.065,1923.495
285,2022-04-06,1923.81,1933.565,1916.055,1925.355
286,2022-04-07,1925.25,1937.815,1920.625,1931.575
287,2022-04-08,1931.6,1948.115,1927.875,1944.185
288,2022-04-11,1947.06,1969.125,1940.115,1953.765
289,2022-04-12,1954.16,1978.405,1949.905,1966.615
290,2022-04-13,1967.08,1981.555,1962.965,1978.185
291,2022-04-14,1977.56,1980.405,1961.335,1973.495
292,2022-04-18,1974.2,1998.325,1971.29,1978.735
293,2022-04-19,1977.81,1981.985,1944.335,1950.145
294,2022-04-20,1950.35,1958.355,1939.355,1957.625
295,2022-04-21,1957.17,1957.625,1936.895,1951.395
296,2022-04-22,1951.11,1955.635,1926.845,1932.645
297,2022-04-25,1932.05,1934.425,1891.645,1898.145
298,2022-04-26,1898.67,1911.165,1895.825,1905.315
299,2022-04-27,1905.93,1907.095,1881.445,1885.955
300,2022-04-28,1885.83,1896.755,1872.355,1894.545
301,2022-04-29,1894.91,1919.975,1892.635,1896.395
302,2022-05-02,1896.11,1899.955,1855.195,1862.885
303,2022-05-03,1863.52,1877.955,1850.495,1868.295
304,2022-05-04,1868.4,1889.595,1861.495,1881.335
305,2022-05-05,1883.25,1909.845,1872.765,1877.165
306,2022-05-06,1877.15,1892.555,1866.265,1880.915
307,2022-05-09,1882.28,1885.765,1852.025,1853.865
308,2022-05-10,1854.46,1865.455,1835.825,1838.325
309,2022-05-11,1838.85,1857.985,1832.165,1852.525
310,2022-05-12,1852.02,1858.895,1821.465,1821.805
311,2022-05-13,1822.51,1828.785,1799.215,1809.765
312,2022-05-16,1811.51,1826.865,1787.395,1823.995
313,2022-05-17,1825.78,1836.075,1812.995,1815.065
314,2022-05-18,1814.68,1824.685,1807.585,1816.615
315,2022-05-19,1816.54,1849.165,1811.055,1842.135
316,2022-05-20,1841.86,1849.445,1832.715,1844.705
317,2022-05-23,1846.0,1865.345,1844.17,1853.575
318,2022-05-24,1853.73,1869.715,1849.425,1866.535
319,2022-05-25,1865.71,1868.125,1843.565,1853.305
320,2022-05-26,1853.2,1854.395,1841.785,1850.815
321,2022-05-27,1851.21,1861.865,1848.125,1853.495
322,2022-05-30,1853.1,1864.025,1848.275,1855.215
323,2022-05-31,1855.165,1857.085,1835.195,1837.635
324,2022-06-01,1836.92,1850.025,1828.635,1846.405
325,2022-06-02,1846.9,1870.405,1844.195,1868.645
326,2022-06-03,1869.13,1873.955,1847.515,1850.775
327,2022-06-06,1850.81,1857.645,1840.715,1841.705
328,2022-06-07,1841.12,1855.495,1837.205,1852.415
329,2022-06-08,1852.68,1859.655,1844.735,1853.165
330,2022-06-09,1852.96,1855.365,1840.315,1847.945
331,2022-06-10,1848.07,1875.865,1825.615,1871.945
332,2022-06-13,1871.53,1878.985,1819.105,1819.525
333,2022-06-14,1820.48,1831.515,1805.185,1808.255
334,2022-06-15,1808.75,1841.355,1807.59,1833.89
335,2022-06-16,1833.74,1857.535,1816.355,1856.725
336,2022-06-17,1855.58,1856.725,1833.975,1837.115
337,2022-06-20,1838.33,1846.055,1834.895,1836.8
338,2022-06-21,1838.34,1843.665,1828.695,1833.125
339,2022-06-22,1833.03,1847.955,1823.555,1837.935
340,2022-06-23,1837.82,1845.705,1822.615,1822.665
341,2022-06-24,1823.32,1831.615,1817.015,1823.795
342,2022-06-27,1838.0,1840.985,1820.915,1822.775
343,2022-06-28,1822.73,1829.455,1818.535,1819.945
344,2022-06-29,1820.08,1832.755,1812.255,1817.915
345,2022-06-30,1817.86,1824.655,1802.885,1807.215
346,2022-07-01,1807.3,1809.385,1784.585,1806.055
347,2022-07-04,1808.81,1814.355,1804.01,1807.95
348,2022-07-05,1807.95,1812.145,1764.075,1764.785
349,2022-07-06,1766.33,1772.955,1732.505,1739.295
350,2022-07-07,1739.7,1748.985,1736.575,1740.225
351,2022-07-08,1740.38,1751.585,1733.835,1741.515
352,2022-07-11,1743.08,1744.725,1731.385,1734.065
353,2022-07-12,1733.56,1742.135,1723.415,1726.205
354,2022-07-13,1726.125,1745.425,1707.515,1735.655
355,2022-07-14,1735.85,1736.405,1697.665,1709.935
356,2022-07-15,1710.81,1716.605,1699.295,1705.795
357,2022-07-18,1708.1,1723.735,1706.17,1709.145
358,2022-07-19,1709.54,1718.465,1705.375,1711.715
359,2022-07-20,1711.77,1714.175,1692.815,1696.605
360,2022-07-21,1696.51,1720.295,1681.205,1718.335
361,2022-07-22,1718.0,1739.125,1712.965,1724.155
362,2022-07-25,1727.39,1736.245,1714.945,1719.735
363,2022-07-26,1719.3,1728.235,1713.765,1717.525
364,2022-07-27,1717.64,1740.335,1711.645,1734.465
365,2022-07-28,1734.45,1757.115,1734.185,1756.065
366,2022-07-29,1755.89,1768.005,1752.695,1761.035
367,2022-08-01,1765.7,1774.965,1758.465,1772.235
368,2022-08-02,1772.24,1788.055,1760.31,1761.345
369,2022-08-03,1762.12,1772.745,1754.395,1765.625
370,2022-08-04,1765.31,1794.965,1763.355,1791.245
371,2022-08-05,1790.77,1794.935,1765.185,1773.485
372,2022-08-08,1775.24,1790.105,1771.01,1789.145
373,2022-08-09,1788.97,1800.455,1783.355,1794.435
374,2022-08-10,1795.24,1807.785,1787.675,1792.285
375,2022-08-11,1792.3,1799.205,1783.735,1789.505
376,2022-08-12,1789.76,1802.155,1784.975,1801.435
377,2022-08-15,1801.9,1802.47,1773.065,1779.545
378,2022-08-16,1780.12,1783.185,1771.625,1775.475
379,2022-08-17,1775.88,1782.375,1759.885,1762.145
380,2022-08-18,1762.4,1772.445,1755.455,1758.465
381,2022-08-19,1759.1,1759.295,1745.655,1746.665
382,2022-08-22,1747.15,1749.135,1728.015,1736.235
383,2022-08-23,1735.93,1754.165,1730.935,1747.965
384,2022-08-24,1748.0,1755.865,1742.565,1751.345
385,2022-08-25,1751.31,1765.525,1750.025,1758.675
386,2022-08-26,1758.76,1758.955,1734.275,1736.895
387,2022-08-29,1736.35,1745.385,1720.405,1737.595
388,2022-08-30,1737.65,1740.585,1721.225,1724.375
389,2022-08-31,1723.25,1726.605,1709.695,1711.145
390,2022-09-01,1711.07,1711.515,1688.925,1697.685
391,2022-09-02,1696.85,1718.015,1695.095,1709.765
392,2022-09-05,1712.11,1715.815,1707.885,1710.04
393,2022-09-06,1709.7,1726.155,1699.985,1701.985
394,2022-09-07,1702.12,1719.385,1691.445,1718.455
395,2022-09-08,1718.22,1728.235,1704.105,1708.605
396,2022-09-09,1708.69,1729.435,1708.605,1715.935
397,2022-09-12,1717.49,1735.125,1712.095,1724.705
398,2022-09-13,1724.84,1731.855,1697.225,1702.555
399,2022-09-14,1701.63,1706.995,1693.735,1697.475
400,2022-09-15,1697.345,1698.305,1660.565,1664.525
401,2022-09-16,1665.17,1680.205,1654.245,1673.185
402,2022-09-19,1675.6,1680.035,1659.795,1675.705
403,2022-09-20,1675.8,1679.265,1660.055,1664.955
404,2022-09-21,1665.01,1687.935,1654.375,1673.875
405,2022-09-22,1673.21,1684.945,1655.735,1671.345
406,2022-09-23,1671.63,1675.935,1640.135,1643.155
407,2022-09-26,1644.55,1649.635,1621.245,1622.805
408,2022-09-27,1622.94,1642.415,1622.805,1629.195
409,2022-09-28,1629.72,1662.685,1614.905,1660.025
410,2022-09-29,1659.84,1664.955,1641.675,1660.615
411,2022-09-30,1660.74,1675.185,1659.365,1661.815
412,2022-10-03,1661.67,1701.485,1659.765,1699.695
413,2022-10-04,1698.44,1729.345,1695.275,1726.415
414,2022-10-05,1725.17,1727.815,1700.855,1716.345
415,2022-10-06,1716.32,1725.445,1707.025,1712.655
416,2022-10-07,1712.44,1714.865,1691.195,1695.525
417,2022-10-10,1696.6,1699.955,1665.945,1668.145
418,2022-10-11,1668.795,1683.955,1661.115,1666.265
419,2022-10-12,1666.6,1678.085,1661.535,1673.255
420,2022-10-13,1673.82,1682.335,1642.475,1666.265
421,2022-10-14,1666.52,1671.805,1640.385,1642.845
422,2022-10-17,1643.85,1668.395,1643.65,1650.765
423,2022-10-18,1650.4,1660.915,1646.065,1652.085
424,2022-10-19,1652.12,1654.495,1627.865,1629.155
425,2022-10-20,1629.28,1645.585,1622.545,1628.265
426,2022-10-21,1628.115,1657.175,1617.395,1655.175
427,2022-10-24,1658.68,1669.75,1644.055,1649.405
428,2022-10-25,1650.1,1662.305,1638.405,1653.155
429,2022-10-26,1652.415,1674.935,1649.855,1664.835
430,2022-10-27,1664.4,1670.825,1655.065,1663.455
431,2022-10-28,1662.57,1667.045,1638.325,1645.245
432,2022-10-31,1644.275,1645.675,1631.955,1632.755
433,2022-11-01,1632.75,1656.85,1631.42,1648.3
434,2022-11-02,1646.885,1669.205,1633.385,1634.175
435,2022-11-03,1634.105,1641.035,1616.755,1630.325
436,2022-11-04,1630.395,1681.695,1629.485,1681.4
437,2022-11-07,1674.93,1681.875,1667.175,1675.385
438,2022-11-08,1675.08,1716.945,1664.785,1712.375
439,2022-11-09,1711.73,1722.115,1702.285,1707.035
440,2022-11-10,1706.28,1757.315,1703.965,1755.575
441,2022-11-11,1754.2,1768.185,1747.435,1767.865
442,2022-11-14,1771.43,1775.065,1753.475,1771.305
443,2022-11-15,1770.53,1786.395,1767.155,1778.815
444,2022-11-16,1777.83,1785.055,1770.355,1773.865
445,2022-11-17,1773.85,1774.725,1754.685,1760.275
446,2022-11-18,1760.77,1767.725,1747.625,1748.775
447,2022-11-21,1750.5,1753.045,1732.665,1737.905
448,2022-11-22,1738.8,1749.785,1737.115,1740.115
449,2022-11-23,1740.22,1753.175,1728.93,1749.585
450,2022-11-24,1749.58,1758.665,1749.275,1755.435
451,2022-11-25,1755.245,1761.145,1746.075,1754.625
452,2022-11-28,1754.08,1763.675,1739.795,1741.685
453,2022-11-29,1740.57,1758.935,1739.96,1749.795
454,2022-11-30,1749.58,1770.045,1745.505,1768.615
455,2022-12-01,1768.69,1803.775,1768.585,1802.935
456,2022-12-02,1802.04,1804.515,1778.89,1797.56
457,2022-12-05,1797.73,1810.03,1765.92,1768.77
458,2022-12-06,1768.2,1780.9,1767.34,1771.09
459,2022-12-07,1771.13,1790.59,1768.87,1786.13
460,2022-12-08,1785.92,1794.85,1781.42,1789.09
461,2022-12-09,1789.72,1806.01,1788.61,1795.12
462,2022-12-12,1796.8,1797.32,1777.69,1781.41
463,2022-12-13,1781.12,1824.48,1781.12,1810.61
464,2022-12-14,1810.63,1813.92,1796.5,1807.42
465,2022-12-15,1807.28,1808.67,1774.39,1776.9
466,2022-12-16,1776.7,1794.28,1774.53,1792.2
467,2022-12-19,1792.75,1798.86,1783.95,1787.75
468,2022-12-20,1787.43,1821.07,1784.68,1817.83
469,2022-12-21,1817.92,1823.84,1812.0,1814.37
470,2022-12-22,1814.03,1820.49,1785.08,1792.45
471,2022-12-23,1793.52,1803.27,1791.33,1797.69
472,2022-12-27,1800.9,1833.31,1800.39,1813.63
473,2022-12-28,1813.84,1814.62,1797.23,1804.35
474,2022-12-29,1804.42,1820.17,1803.85,1815.02
475,2022-12-30,1814.74,1826.05,1813.62,1823.48
476,2023-01-03,1828.86,1849.96,1824.4,1839.54
477,2023-01-04,1838.77,1865.09,1836.36,1854.66
478,2023-01-05,1854.5,1859.08,1825.07,1832.96
479,2023-01-06,1832.34,1869.84,1831.48,1867.01
480,2023-01-09,1868.22,1881.36,1865.38,1871.78
481,2023-01-10,1871.09,1880.61,1867.92,1876.96
482,2023-01-11,1876.7,1886.55,1867.28,1875.65
483,2023-01-12,1875.05,1901.55,1874.72,1896.87
484,2023-01-13,1895.84,1921.96,1892.36,1920.74
485,2023-01-16,1920.2,1929.0,1910.92,1915.74
486,2023-01-17,1916.405,1919.08,1903.94,1908.67
487,2023-01-18,1908.42,1925.83,1896.72,1904.34
488,2023-01-19,1904.18,1935.19,1901.03,1932.17
489,2023-01-20,1931.65,1937.47,1920.73,1927.27
490,2023-01-23,1926.11,1935.55,1911.65,1931.02
491,2023-01-24,1930.96,1942.54,1917.56,1937.3
492,2023-01-25,1937.12,1948.06,1920.18,1946.27
493,2023-01-26,1946.48,1949.16,1919.13,1929.18
494,2023-01-27,1928.5,1935.01,1917.13,1926.56
495,2023-01-30,1928.24,1934.48,1920.73,1923.22
496,2023-01-31,1923.09,1931.08,1901.04,1928.28
497,2023-02-01,1928.13,1954.41,1920.7,1950.18
498,2023-02-02,1951.3,1959.71,1911.41,1912.64
499,2023-02-03,1912.05,1918.61,1861.62,1864.85
500,2023-02-06,1864.87,1881.19,1860.3,1867.69
501,2023-02-07,1867.75,1884.23,1865.23,1873.72
502,2023-02-08,1874.04,1886.12,1869.7,1875.55
503,2023-02-09,1875.24,1890.16,1859.0,1861.7
504,2023-02-10,1862.93,1872.0,1852.86,1864.2
505,2023-02-13,1864.7,1866.46,1850.56,1853.45
506,2023-02-14,1853.82,1869.95,1843.63,1854.46
507,2023-02-15,1854.08,1860.01,1830.67,1835.91
508,2023-02-16,1836.44,1845.34,1827.67,1836.5
509,2023-02-17,1836.51,1843.69,1818.98,1841.93
510,2023-02-20,1841.01,1847.58,1837.36,1841.295
511,2023-02-21,1841.9,1843.91,1830.29,1835.01
512,2023-02-22,1834.88,1845.98,1823.67,1825.26
513,2023-02-23,1826.05,1833.7,1818.02,1822.37
514,2023-02-24,1822.69,1827.87,1809.0,1810.98
515,2023-02-27,1811.13,1820.14,1806.86,1817.31
516,2023-02-28,1817.24,1831.21,1805.1,1826.8
517,2023-03-01,1826.9,1844.31,1823.12,1836.705
518,2023-03-02,1837.31,1838.84,1830.08,1835.75
519,2023-03-03,1836.21,1856.33,1835.75,1855.24
520,2023-03-06,1854.95,1858.31,1845.24,1846.76
521,2023-03-07,1846.465,1851.64,1812.85,1813.23
522,2023-03-08,1814.27,1824.29,1809.6,1813.82
523,2023-03-09,1814.29,1835.41,1812.05,1830.86
524,2023-03-10,1831.54,1870.01,1827.81,1869.9
525,2023-03-13,1884.295,1914.66,1871.6,1910.27
526,2023-03-14,1910.19,1914.18,1895.5,1904.27
527,2023-03-15,1904.32,1937.35,1885.78,1920.35
528,2023-03-16,1920.46,1933.37,1907.54,1920.02
529,2023-03-17,1920.15,1989.33,1918.54,1989.33
530,2023-03-20,1977.45,2009.6,1965.94,1978.36
531,2023-03-21,1978.36,1985.15,1935.51,1941.18
532,2023-03-22,1941.32,1978.8,1934.45,1965.71
533,2023-03-23,1965.665,2003.36,1965.665,1992.03
534,2023-03-24,1991.95,2003.01,1975.225,1977.78
535,2023-03-27,1977.78,1980.75,1944.35,1956.52
536,2023-03-28,1956.69,1975.31,1949.41,1973.7
537,2023-03-29,1973.6,1974.48,1958.76,1964.52
538,2023-03-30,1963.73,1984.29,1955.63,1980.31
539,2023-03-31,1980.55,1987.06,1966.98,1970.8
540,2023-04-03,1969.17,1990.52,1949.94,1984.565
541,2023-04-04,1984.32,2025.02,1977.09,2020.665
542,2023-04-05,2021.06,2032.02,2010.48,2020.84
543,2023-04-06,2020.97,2021.46,2001.11,2007.465
544,2023-04-10,1994.47,2009.83,1981.8,1991.35
545,2023-04-11,1991.28,2007.5,1988.91,2003.62
546,2023-04-12,2003.2,2027.86,2001.54,2014.94
547,2023-04-13,2014.52,2048.19,2014.12,2040.15
548,2023-04-14,2040.49,2047.47,1992.49,2005.45
549,2023-04-17,2004.1,2015.04,1981.42,1995.16
550,2023-04-18,1995.24,2011.89,1991.4,2005.28
551,2023-04-19,2005.03,2008.22,1969.38,1994.79
552,2023-04-20,1994.56,2012.3,1990.6,2004.82
553,2023-04-21,2004.39,2005.59,1971.73,1982.78
554,2023-04-24,1983.01,1990.85,1974.26,1989.1
555,2023-04-25,1989.06,2003.77,1976.26,1997.13
556,2023-04-26,1996.27,2008.93,1983.61,1989.46
557,2023-04-27,1989.82,2003.33,1974.32,1987.85
558,2023-04-28,1987.71,1995.0,1976.44,1989.27
559,2023-05-01,1989.94,2005.95,1977.18,1982.48
560,2023-05-02,1982.25,2019.39,1978.74,2016.7
561,2023-05-03,2016.19,2040.405,2008.44,2038.64
562,2023-05-04,2066.18,2078.925,2030.49,2050.19
563,2023-05-05,2049.28,2053.01,1999.63,2018.0
564,2023-05-08,2016.72,2029.39,2014.45,2021.49
565,2023-05-09,2021.1,2037.67,2019.64,2034.56
566,2023-05-10,2034.58,2048.17,2021.66,2030.185
567,2023-05-11,2029.96,2040.94,2011.45,2015.12
568,2023-05-12,2015.09,2022.57,2001.2,2011.06
569,2023-05-15,2008.5,2022.16,2007.58,2016.46
570,2023-05-16,2016.39,2018.35,1985.58,1988.92
571,2023-05-17,1988.86,1993.05,1975.19,1981.57
572,2023-05-18,1981.69,1986.01,1952.04,1957.53
573,2023-05-19,1958.2,1983.99,1954.08,1976.33
574,2023-05-22,1977.89,1982.61,1969.01,1971.82
575,2023-05-23,1972.0,1977.65,1954.4,1975.03
576,2023-05-24,1974.78,1985.15,1956.78,1957.36
577,2023-05-25,1958.07,1964.83,1938.96,1940.86
578,2023-05-26,1940.74,1957.25,1937.12,1947.59
579,2023-05-29,1942.915,1949.81,1940.38,1943.385
580,2023-05-30,1944.25,1963.56,1932.25,1959.43
581,2023-05-31,1959.23,1974.84,1953.74,1962.93
582,2023-06-01,1962.89,1983.13,1953.42,1977.58
583,2023-06-02,1977.01,1983.49,1948.15,1948.75
584,2023-06-05,1947.05,1964.02,1938.22,1961.89
585,2023-06-06,1961.76,1966.35,1954.55,1963.36
586,2023-06-07,1963.63,1970.06,1939.99,1940.01
587,2023-06-08,1940.14,1970.2,1939.88,1965.7
588,2023-06-09,1965.83,1972.84,1957.01,1960.04
589,2023-06-12,1961.28,1967.04,1949.42,1957.49
590,2023-06-13,1957.3,1970.11,1940.07,1943.6
591,2023-06-14,1943.4,1960.36,1939.82,1941.97
592,2023-06-15,1941.74,1960.3,1925.35,1958.045
593,2023-06-16,1957.3,1967.92,1953.54,1955.66
594,2023-06-19,1957.56,1958.77,1947.07,1950.35
595,2023-06-20,1950.47,1956.69,1929.85,1936.325
596,2023-06-21,1936.56,1939.54,1919.9,1932.7
597,2023-06-22,1932.92,1935.06,1912.53,1913.77
598,2023-06-23,1914.1,1937.32,1910.3,1919.15
599,2023-06-26,1920.73,1933.365,1920.73,1923.145
600,2023-06-27,1923.4,1930.575,1911.385,1913.765
601,2023-06-28,1914.22,1917.185,1902.915,1907.425
602,2023-06-29,1907.78,1913.055,1893.075,1908.235
603,2023-06-30,1908.69,1922.785,1900.605,1920.185
604,2023-07-03,1919.93,1930.945,1910.285,1921.59
605,2023-07-04,1921.55,1930.745,1919.99,1925.895
606,2023-07-05,1925.68,1935.025,1914.845,1915.235
607,2023-07-06,1915.46,1927.595,1902.835,1910.925
608,2023-07-07,1910.92,1934.755,1909.65,1924.845
609,2023-07-10,1924.88,1928.175,1912.905,1925.345
610,2023-07-11,1925.45,1938.435,1924.455,1932.225
611,2023-07-12,1932.27,1959.665,1932.225,1957.425
612,2023-07-13,1957.16,1963.385,1952.675,1960.475
613,2023-07-14,1960.39,1963.805,1951.105,1954.535
614,2023-07-17,1955.325,1959.865,1945.855,1954.935
615,2023-07-18,1954.7,1984.395,1954.7,1978.805
616,2023-07-19,1978.87,1980.95,1969.94,1977.01
617,2023-07-20,1975.8,1987.52,1965.44,1969.53
618,2023-07-21,1970.29,1973.73,1956.93,1962.5
619,2023-07-24,1962.075,1967.925,1953.545,1954.855
620,2023-07-25,1955.26,1965.585,1953.235,1965.015
621,2023-07-26,1965.18,1978.095,1962.105,1972.295
622,2023-07-27,1971.91,1982.16,1942.72,1945.645
623,2023-07-28,1946.4,1963.545,1945.575,1959.135
624,2023-07-31,1959.055,1972.395,1951.525,1965.575
625,2023-08-01,1965.78,1966.065,1941.385,1944.175
626,2023-08-02,1949.55,1954.795,1933.245,1934.895
627,2023-08-03,1935.15,1939.005,1929.755,1934.165
628,2023-08-04,1934.35,1946.595,1928.105,1941.515
629,2023-08-07,1942.985,1946.755,1931.545,1936.645
630,2023-08-08,1936.61,1938.135,1922.925,1925.305
631,2023-08-09,1925.31,1932.415,1914.125,1914.785
632,2023-08-10,1914.9,1930.065,1912.32,1912.375
633,2023-08-11,1912.82,1920.925,1911.025,1913.705
634,2023-08-14,1912.965,1916.195,1902.865,1907.495
635,2023-08-15,1907.47,1911.675,1896.685,1901.985
636,2023-08-16,1901.87,1907.26,1891.52,1892.12
637,2023-08-17,1892.19,1903.47,1885.18,1889.38
638,2023-08-18,1889.58,1896.77,1886.88,1889.48
639,2023-08-21,1889.475,1898.71,1884.89,1894.68
640,2023-08-22,1894.73,1904.38,1889.24,1897.45
641,2023-08-23,1897.47,1920.39,1897.45,1915.605
642,2023-08-24,1915.42,1923.375,1912.035,1916.83
643,2023-08-25,1917.17,1922.325,1903.935,1914.355
644,2023-08-28,1915.74,1926.155,1912.965,1920.235
645,2023-08-29,1920.27,1938.215,1914.515,1937.465
646,2023-08-30,1937.53,1949.005,1935.085,1942.58
647,2023-08-31,1942.87,1947.845,1939.165,1940.095
648,2023-09-01,1940.19,1952.925,1934.665,1940.585
649,2023-09-04,1939.66,1946.355,1936.925,1938.355
650,2023-09-05,1938.73,1939.025,1925.455,1926.115
651,2023-09-06,1926.4,1929.185,1915.355,1916.565
652,2023-09-07,1917.03,1923.435,1916.255,1919.705
653,2023-09-08,1919.7,1929.595,1917.425,1919.255
654,2023-09-11,1918.885,1930.595,1917.625,1922.415
655,2023-09-12,1922.79,1924.575,1907.715,1913.425
656,2023-09-13,1913.2,1915.725,1905.955,1908.245
657,2023-09-14,1908.91,1912.945,1901.115,1910.635
658,2023-09-15,1911.08,1930.395,1909.925,1922.505
659,2023-09-18,1924.15,1934.265,1922.675,1933.755
660,2023-09-19,1933.83,1937.425,1929.865,1931.435
661,2023-09-20,1931.94,1947.465,1928.015,1930.405
662,2023-09-21,1930.61,1931.565,1914.005,1920.11
663,2023-09-22,1920.06,1929.095,1919.51,1925.415
664,2023-09-25,1925.025,1927.185,1915.255,1915.995
665,2023-09-26,1916.24,1916.815,1899.265,1900.665
666,2023-09-27,1900.72,1903.84,1872.59,1875.06
667,2023-09-28,1876.53,1879.55,1857.93,1864.94
668,2023-09-29,1865.49,1879.78,1846.39,1848.49
669,2023-10-02,1848.09,1848.99,1827.27,1827.89
670,2023-10-03,1829.23,1833.185,1815.325,1822.975
671,2023-10-04,1823.69,1830.405,1816.725,1821.25
672,2023-10-05,1821.83,1829.225,1813.235,1820.255
673,2023-10-06,1820.8,1834.745,1810.565,1829.385
674,2023-10-09,1846.34,1863.535,1844.255,1861.505
675,2023-10-10,1861.45,1865.41,1853.13,1860.5
676,2023-10-11,1860.15,1877.23,1858.75,1874.35
677,2023-10-12,1874.75,1885.02,1868.0,1868.81
678,2023-10-13,1869.1,1930.81,1868.81,1928.23
679,2023-10-16,1929.33,1929.375,1908.395,1920.185
680,2023-10-17,1920.12,1931.525,1912.525,1923.145
681,2023-10-18,1924.05,1962.615,1923.145,1947.735
682,2023-10-19,1947.87,1977.765,1945.295,1974.385
683,2023-10-20,1973.55,1997.13,1972.09,1979.84
684,2023-10-23,1973.72,1983.68,1964.46,1972.85
685,2023-10-24,1973.62,1980.78,1953.72,1971.12
686,2023-10-25,1971.01,1987.07,1963.51,1979.565
687,2023-10-26,1980.66,1993.43,1972.09,1984.87
688,2023-10-27,1984.72,2009.41,1976.96,2007.33
689,2023-10-30,2001.48,2006.85,1991.0,1995.14
690,2023-10-31,1995.12,2007.82,1979.0,1984.69
691,2023-11-01,1984.9,1992.03,1970.05,1983.925
692,2023-11-02,1983.83,1991.0,1978.97,1985.0
693,2023-11-03,1985.01,2004.09,1983.34,1992.57
694,2023-11-06,1992.57,1993.18,1977.47,1977.99
695,2023-11-07,1978.13,1978.38,1956.78,1969.13
696,2023-11-08,1969.33,1971.07,1947.56,1950.28
697,2023-11-09,1950.03,1965.615,1945.005,1958.435
698,2023-11-10,1958.27,1960.855,1933.365,1936.025
699,2023-11-13,1938.78,1949.135,1921.12,1946.21
700,2023-11-14,1946.3,1970.745,1943.845,1963.125
701,2023-11-15,1962.81,1975.055,1955.545,1959.395
702,2023-11-16,1959.975,1987.965,1956.615,1981.27
703,2023-11-17,1981.175,1993.37,1978.69,1980.79
704,2023-11-20,1978.57,1985.15,1965.61,1978.015
705,2023-11-21,1977.785,2007.49,1977.785,1998.41
706,2023-11-22,1998.63,2006.29,1987.0,1989.9
707,2023-11-23,1989.43,1998.57,1989.39,1993.07
708,2023-11-24,1993.185,2003.64,1991.54,2002.445
709,2023-11-27,2002.0,2018.16,2000.68,2014.02
710,2023-11-28,2015.255,2043.05,2011.8,2040.95
711,2023-11-29,2041.245,2051.935,2035.645,2044.205
712,2023-11-30,2044.735,2047.105,2031.625,2036.195
713,2023-12-01,2037.13,2075.325,2034.015,2070.895
714,2023-12-04,2074.01,2144.83,2020.675,2029.42
715,2023-12-05,2029.74,2041.22,2010.05,2019.34
716,2023-12-06,2019.335,2035.77,2017.5,2025.4
717,2023-12-07,2026.52,2039.92,2020.39,2028.64
718,2023-12-08,2028.7,2034.06,1994.85,2002.82
719,2023-12-11,2003.76,2007.82,1976.08,1981.98
720,2023-12-12,1982.03,1996.59,1977.26,1979.47
721,2023-12-13,1979.91,2027.85,1973.14,2027.56
722,2023-12-14,2028.55,2047.97,2024.515,2036.38
723,2023-12-15,2036.275,2044.875,2015.715,2018.145
724,2023-12-18,2019.95,2033.61,2016.06,2027.29
725,2023-12-19,2027.595,2046.97,2021.8,2040.27
726,2023-12-20,2040.155,2043.505,2027.545,2031.275
727,2023-12-21,2032.265,2046.12,2031.635,2045.81
728,2023-12-22,2049.815,2070.585,2046.815,2053.335
729,2023-12-26,2053.855,2069.135,2053.19,2068.045
730,2023-12-27,2068.395,2084.465,2061.585,2077.675
731,2023-12-28,2077.86,2088.505,2064.765,2065.445
732,2023-12-29,2066.535,2074.735,2058.415,2063.235
733,2024-01-02,2063.76,2078.915,2056.285,2058.94
734,2024-01-03,2059.14,2066.035,2030.775,2041.45
735,2024-01-04,2042.175,2050.975,2036.495,2043.56
736,2024-01-05,2043.945,2063.825,2024.875,2043.805
737,2024-01-08,2045.37,2046.675,2017.815,2028.075
738,2024-01-09,2028.35,2041.38,2026.18,2030.21
739,2024-01-10,2030.53,2039.74,2020.53,2024.39
740,2024-01-11,2024.42,2039.61,2013.4,2028.995
741,2024-01-12,2029.105,2062.09,2028.88,2047.59
742,2024-01-15,2048.62,2058.635,2045.905,2054.815
743,2024-01-16,2054.92,2055.635,2024.395,2028.345
744,2024-01-17,2028.1,2033.03,2001.95,2006.26
745,2024-01-18,2006.02,2023.35,2005.92,2023.17
746,2024-01-19,2024.35,2039.35,2020.46,2028.52
747,2024-01-22,2029.99,2032.21,2017.22,2021.645
748,2024-01-23,2021.945,2037.81,2019.71,2029.26
749,2024-01-24,2029.03,2036.65,2011.36,2014.01
750,2024-01-25,2014.49,2025.14,2010.6,2020.88
751,2024-01-26,2020.545,2026.85,2016.07,2018.66
752,2024-01-29,2023.9,2037.43,2019.45,2032.865
753,2024-01-30,2032.895,2048.625,2029.275,2036.95
754,2024-01-31,2037.115,2056.005,2031.145,2039.57
755,2024-02-01,2039.93,2065.375,2030.165,2054.99
756,2024-02-02,2054.825,2057.665,2028.015,2036.135
757,2024-02-05,2039.8,2042.325,2015.005,2025.17
758,2024-02-06,2025.04,2038.95,2023.0,2036.05
759,2024-02-07,2036.055,2044.575,2030.695,2035.145
760,2024-02-08,2035.2,2038.685,2020.275,2034.48
761,2024-02-09,2034.57,2037.035,2020.465,2025.175
762,2024-02-12,2023.51,2027.48,2011.99,2020.035
763,2024-02-13,2019.885,2032.79,1990.27,1993.245
764,2024-02-14,1993.295,1996.08,1984.39,1992.35
765,2024-02-15,1992.575,2008.22,1990.28,2004.3
766,2024-02-16,2004.335,2015.22,1995.28,2012.03
767,2024-02-19,2015.2,2023.0,2012.03,2018.03
768,2024-02-20,2018.0,2030.92,2015.08,2024.335
769,2024-02-21,2024.425,2032.17,2020.24,2026.095
770,2024-02-22,2025.97,2034.83,2019.86,2024.45
771,2024-02-23,2024.575,2041.35,2016.11,2036.63
772,2024-02-26,2034.5,2037.045,2025.155,2031.215
773,2024-02-27,2031.45,2039.51,2028.84,2030.32
774,2024-02-28,2030.7,2037.81,2024.59,2034.52
775,2024-02-29,2035.32,2050.725,2028.195,2044.195
776,2024-03-01,2043.93,2088.365,2039.125,2083.595
777,2024-03-04,2082.21,2119.915,2079.535,2114.625
778,2024-03-05,2114.96,2141.77,2110.53,2127.75
779,2024-03-06,2127.98,2152.25,2123.81,2147.86
780,2024-03-07,2148.815,2164.54,2144.35,2160.115
781,2024-03-08,2159.52,2195.135,2154.125,2177.405
782,2024-03-11,2177.355,2188.855,2175.255,2181.395
783,2024-03-12,2181.285,2184.585,2150.715,2158.655
784,2024-03-13,2158.855,2179.885,2155.865,2174.705
785,2024-03-14,2174.755,2176.975,2153.015,2161.625
786,2024-03-15,2161.545,2172.765,2155.285,2156.065
787,2024-03-18,2155.06,2163.47,2146.15,2161.375
788,2024-03-19,2161.295,2162.885,2147.305,2158.795
789,2024-03-20,2158.795,2221.765,2149.715,2200.775
790,2024-03-21,2200.945,2211.795,2166.735,2181.355
791,2024-03-22,2181.305,2186.135,2157.255,2165.225
792,2024-03-25,2166.405,2181.145,2163.755,2172.085
793,2024-03-26,2172.185,2199.955,2167.855,2178.375
794,2024-03-27,2178.385,2197.605,2173.805,2192.355
795,2024-03-28,2192.525,2234.525,2187.435,2233.99
796,2024-04-01,2239.27,2265.66,2228.63,2251.9
797,2024-04-02,2251.025,2281.075,2246.85,2280.495
798,2024-04-03,2280.33,2301.14,2265.8,2300.44
799,2024-04-04,2299.77,2305.145,2280.985,2291.035
800,2024-04-05,2290.935,2330.215,2268.005,2323.585
801,2024-04-08,2324.4,2352.875,2303.045,2339.325
802,2024-04-09,2338.97,2365.375,2337.005,2352.95
803,2024-04-10,2352.925,2360.11,2319.59,2334.19
804,2024-04-11,2333.96,2377.725,2325.905,2372.55
805,2024-04-12,2371.94,2431.44,2333.99,2343.14
806,2024-04-15,2363.95,2387.525,2324.655,2383.225
807,2024-04-16,2382.985,2398.17,2363.13,2382.58
808,2024-04-17,2382.25,2395.61,2356.655,2360.38
809,2024-04-18,2361.57,2392.335,2361.57,2379.305
810,2024-04-19,2378.695,2417.64,2373.05,2387.69
811,2024-04-22,2386.75,2388.45,2325.4,2327.075
812,2024-04-23,2327.46,2334.465,2292.055,2322.02
813,2024-04-24,2321.87,2336.95,2312.17,2316.11
814,2024-04-25,2315.545,2344.79,2305.58,2332.22
815,2024-04-26,2332.0,2352.485,2326.465,2340.085
816,2024-04-29,2336.49,2346.595,2320.595,2335.74
817,2024-04-30,2335.345,2336.315,2285.265,2285.94
818,2024-05-01,2286.555,2328.29,2281.7,2319.305
819,2024-05-02,2320.46,2326.46,2285.77,2303.67
820,2024-05-03,2303.845,2320.34,2277.67,2301.52
821,2024-05-06,2304.565,2331.95,2292.15,2323.97
822,2024-05-07,2324.43,2329.89,2310.22,2313.99
823,2024-05-08,2313.825,2321.44,2303.96,2308.385
824,2024-05-09,2308.495,2347.25,2306.83,2346.3
825,2024-05-10,2346.385,2378.415,2345.385,2363.435
826,2024-05-13,2364.4,2364.555,2332.745,2336.465
827,2024-05-14,2336.005,2359.655,2334.925,2357.985
828,2024-05-15,2358.205,2390.125,2352.005,2386.085
829,2024-05-16,2385.855,2397.26,2371.18,2376.74
830,2024-05-17,2377.09,2419.13,2374.14,2416.5
831,2024-05-20,2418.63,2450.05,2407.87,2426.36
832,2024-05-21,2426.48,2433.765,2406.485,2420.935
833,2024-05-22,2421.175,2426.57,2375.02,2378.74
834,2024-05-23,2379.775,2383.79,2327.3,2328.885
835,2024-05-24,2329.04,2347.315,2325.675,2333.825
836,2024-05-27,2336.24,2358.465,2332.445,2350.845
837,2024-05-28,2351.59,2364.045,2340.445,2361.215
838,2024-05-29,2361.06,2362.55,2335.445,2337.81
839,2024-05-30,2338.175,2351.755,2322.845,2343.245
840,2024-05-31,2344.15,2359.695,2320.655,2327.825
841,2024-06-03,2328.15,2354.745,2314.845,2350.735
842,2024-06-04,2351.485,2352.625,2316.085,2327.025
843,2024-06-05,2326.955,2357.395,2325.995,2355.335
844,2024-06-06,2356.8,2378.465,2353.655,2376.135
845,2024-06-07,2376.425,2387.77,2287.77,2287.92
846,2024-06-10,2295.27,2313.77,2287.86,2310.695
847,2024-06-11,2312.08,2319.94,2297.9,2316.87
848,2024-06-12,2317.17,2341.54,2310.87,2324.765
849,2024-06-13,2325.105,2326.53,2295.68,2303.96
850,2024-06-14,2304.085,2336.62,2301.6,2332.64
851,2024-06-17,2331.53,2332.885,2310.135,2319.165
852,2024-06-18,2319.435,2333.18,2306.82,2329.51
853,2024-06-19,2329.36,2335.015,2323.975,2328.225
854,2024-06-20,2329.46,2365.505,2327.855,2359.995
855,2024-06-21,2360.145,2368.535,2316.855,2322.415
856,2024-06-24,2323.485,2334.69,2317.81,2334.42
857,2024-06-25,2334.435,2337.125,2315.605,2319.605
858,2024-06-26,2319.21,2322.43,2293.9,2298.24
859,2024-06-27,2298.685,2330.95,2296.75,2327.915
860,2024-06-28,2328.185,2339.675,2319.185,2325.185
861,2024-07-01,2326.39,2338.545,2318.725,2331.855
862,2024-07-02,2331.93,2336.835,2319.685,2329.575
863,2024-07-03,2329.72,2364.865,2326.915,2356.25
864,2024-07-04,2356.93,2362.565,2350.695,2357.345
865,2024-07-05,2356.745,2392.935,2353.775,2388.865
866,2024-07-08,2387.285,2391.05,2351.23,2359.045
867,2024-07-09,2359.3,2371.395,2349.905,2364.025
868,2024-07-10,2363.905,2386.575,2363.225,2371.355
869,2024-07-11,2371.19,2424.445,2371.19,2415.345
870,2024-07-12,2415.415,2418.33,2391.59,2412.76
871,2024-07-15,2412.66,2439.7,2401.45,2422.3
872,2024-07-16,2422.44,2469.63,2420.09,2468.76
873,2024-07-17,2468.52,2483.615,2451.795,2458.925
874,2024-07-18,2459.035,2474.875,2440.545,2445.36
875,2024-07-19,2445.715,2445.715,2394.045,2398.595
876,2024-07-22,2402.11,2412.17,2384.04,2396.57
877,2024-07-23,2396.705,2412.06,2388.38,2409.56
878,2024-07-24,2409.075,2432.02,2396.92,2397.52
879,2024-07-25,2397.335,2401.19,2353.33,2364.45
880,2024-07-26,2364.47,2390.745,2355.995,2386.385
881,2024-07-29,2388.1,2403.23,2369.83,2384.125
882,2024-07-30,2383.635,2412.78,2376.66,2410.725
883,2024-07-31,2410.945,2450.95,2404.15,2447.64
884,2024-08-01,2448.675,2461.985,2430.375,2446.325
885,2024-08-02,2446.315,2477.655,2411.135,2437.455
886,2024-08-05,2444.65,2458.275,2364.435,2410.415
887,2024-08-06,2410.395,2418.22,2381.87,2390.72
888,2024-08-07,2391.82,2407.01,2379.24,2382.845
889,2024-08-08,2381.62,2427.58,2381.1,2427.5
890,2024-08-09,2427.27,2437.04,2416.97,2429.08
891,2024-08-12,2430.17,2473.285,2423.945,2472.8
892,2024-08-13,2471.27,2476.895,2458.595,2465.115
893,2024-08-14,2466.355,2478.815,2438.255,2448.005
894,2024-08-15,2447.96,2470.095,2432.525,2456.785
895,2024-08-16,2456.39,2508.875,2450.855,2508.135
896,2024-08-19,2509.14,2509.71,2485.93,2504.23
897,2024-08-20,2503.765,2531.66,2497.45,2513.975
898,2024-08-21,2513.825,2519.98,2493.92,2512.42
899,2024-08-22,2511.825,2514.7,2471.12,2484.8
900,2024-08-23,2484.885,2518.2,2484.5,2510.94
901,2024-08-26,2512.18,2526.82,2508.89,2518.05
902,2024-08-27,2517.9,2525.95,2503.83,2524.59
903,2024-08-28,2524.75,2528.94,2493.98,2504.735
904,2024-08-29,2504.63,2528.62,2504.1,2521.175
905,2024-08-30,2521.36,2526.94,2494.43,2502.54
906,2024-09-02,2502.97,2507.36,2490.38,2499.54
907,2024-09-03,2499.67,2506.35,2473.78,2492.96
908,2024-09-04,2493.04,2500.02,2471.97,2495.65
909,2024-09-05,2495.54,2523.47,2493.92,2516.76
910,2024-09-06,2516.835,2529.15,2485.33,2495.95
911,2024-09-09,2496.73,2507.22,2485.71,2506.22
912,2024-09-10,2506.63,2518.37,2500.26,2516.65
913,2024-09-11,2516.725,2528.63,2501.14,2511.52
914,2024-09-12,2512.22,2560.08,2511.12,2558.795
915,2024-09-13,2558.725,2586.105,2556.765,2582.845
916,2024-09-16,2578.7,2589.6,2575.51,2582.51
917,2024-09-17,2582.44,2586.92,2560.86,2569.59
918,2024-09-18,2569.435,2600.105,2547.165,2559.005
919,2024-09-19,2558.685,2594.73,2551.495,2586.77
920,2024-09-20,2586.87,2625.77,2585.1,2621.17
921,2024-09-23,2621.09,2634.815,2613.995,2628.545
922,2024-09-24,2628.585,2664.395,2622.875,2657.145
923,2024-09-25,2657.15,2670.55,2650.24,2657.17
924,2024-09-26,2657.155,2685.39,2655.17,2672.45
925,2024-09-27,2672.34,2674.3,2643.19,2652.05
926,2024-09-30,2658.825,2666.035,2625.255,2634.735
927,2024-10-01,2634.53,2672.775,2632.465,2663.435
928,2024-10-02,2663.675,2663.675,2641.7,2658.81
929,2024-10-03,2659.33,2662.6,2639.81,2656.21
930,2024-10-04,2656.195,2670.24,2632.44,2651.64
931,2024-10-07,2650.61,2659.67,2637.92,2642.66
932,2024-10-08,2642.655,2652.935,2604.855,2621.955
933,2024-10-09,2621.76,2624.395,2605.335,2607.825
934,2024-10-10,2607.715,2631.515,2605.315,2630.155
935,2024-10-11,2629.995,2661.485,2628.235,2656.195
936,2024-10-14,2653.36,2666.58,2643.36,2648.62
937,2024-10-15,2648.695,2668.925,2638.435,2662.855
938,2024-10-16,2662.85,2685.28,2658.77,2673.84
939,2024-10-17,2674.09,2696.75,2673.33,2693.1
940,2024-10-18,2692.92,2721.3,2692.39,2719.83
941,2024-10-21,2720.52,2740.585,2714.335,2719.745
942,2024-10-22,2719.755,2749.015,2718.96,2749.015
943,2024-10-23,2748.645,2758.345,2709.015,2715.52
944,2024-10-24,2715.62,2743.215,2715.57,2735.985
945,2024-10-25,2736.035,2745.035,2717.175,2742.535
946,2024-10-28,2734.665,2745.975,2724.845,2742.225
947,2024-10-29,2742.135,2775.34,2741.315,2774.68
948,2024-10-30,2774.71,2790.01,2771.09,2787.59
949,2024-10-31,2787.45,2790.08,2731.86,2746.205
950,2024-11-01,2746.355,2762.265,2733.345,2736.515
951,2024-11-04,2735.4,2748.235,2730.99,2736.685
952,2024-11-05,2736.725,2749.955,2724.875,2743.995
953,2024-11-06,2743.99,2749.605,2652.475,2659.055
954,2024-11-07,2659.35,2710.12,2643.84,2706.51
955,2024-11-08,2706.28,2710.36,2680.46,2685.17
956,2024-11-11,2684.775,2686.08,2610.77,2619.54
957,2024-11-12,2619.545,2626.995,2590.065,2598.275
958,2024-11-13,2598.425,2618.865,2572.78,2572.935
959,2024-11-14,2572.96,2581.33,2537.03,2565.05
960,2024-11-15,2565.26,2575.67,2554.66,2562.33
961,2024-11-18,2565.915,2614.95,2564.465,2611.87
962,2024-11-19,2611.875,2639.395,2610.465,2632.265
963,2024-11-20,2632.185,2655.395,2618.975,2650.265
964,2024-11-21,2650.285,2673.505,2648.975,2669.665
965,2024-11-22,2669.67,2711.44,2668.21,2705.95
966,2024-11-25,2714.3,2721.32,2615.74,2625.23
967,2024-11-26,2625.04,2641.935,2605.355,2633.225
968,2024-11-27,2631.83,2658.215,2627.215,2635.945
969,2024-11-28,2637.015,2649.605,2621.035,2637.585
970,2024-11-29,2638.655,2666.205,2634.475,2650.455
971,2024-12-02,2652.75,2652.9,2622.155,2639.06
972,2024-12-03,2639.035,2655.595,2634.295,2643.665
973,2024-12-04,2643.395,2657.155,2632.765,2650.095
974,2024-12-05,2649.91,2655.535,2623.675,2631.985
975,2024-12-06,2631.755,2645.615,2614.025,2631.985
976,2024-12-09,2645.48,2676.425,2627.745,2660.395
977,2024-12-10,2660.4,2695.59,2658.01,2693.945
978,2024-12-11,2694.195,2721.02,2676.25,2718.13
979,2024-12-12,2718.385,2726.035,2675.375,2680.865
980,2024-12-13,2681.115,2692.77,2646.63,2647.72
981,2024-12-16,2650.0,2664.415,2643.685,2652.725
982,2024-12-17,2652.805,2658.595,2633.335,2646.63
983,2024-12-18,2646.345,2651.745,2584.295,2585.34
984,2024-12-19,2585.48,2626.07,2583.64,2594.285
985,2024-12-20,2594.375,2631.96,2589.8,2623.09
986,2024-12-23,2620.87,2633.325,2608.265,2612.945
987,2024-12-24,2612.62,2621.535,2610.235,2616.18
988,2024-12-26,2615.97,2639.145,2615.34,2633.795
989,2024-12-27,2632.59,2638.275,2611.825,2615.555
990,2024-12-30,2620.05,2628.125,2596.185,2605.965
991,2024-12-31,2605.53,2627.585,2602.835,2624.585
992,2025-01-02,2624.835,2660.445,2621.895,2658.01
993,2025-01-03,2658.38,2665.35,2637.03,2638.26
994,2025-01-06,2640.63,2649.405,2615.265,2636.085
995,2025-01-07,2634.475,2664.255,2633.075,2648.735
996,2025-01-08,2648.545,2669.955,2645.325,2662.1
997,2025-01-09,2661.585,2678.08,2655.75,2670.36
998,2025-01-10,2670.63,2697.89,2664.3,2690.62
999,2025-01-13,2690.6,2693.34,2656.92,2663.045
1000,2025-01-14,2663.68,2678.27,2659.99,2677.36
1001,2025-01-15,2677.395,2697.3,2669.48,2696.525
1002,2025-01-16,2698.81,2724.74,2690.14,2714.685
1003,2025-01-17,2714.79,2717.425,2700.085,2700.865
1004,2025-01-20,2703.33,2713.87,2689.54,2706.425
1005,2025-01-21,2707.56,2745.91,2703.07,2744.81
1006,2025-01-22,2744.865,2763.41,2742.025,2756.305
1007,2025-01-23,2756.245,2758.805,2736.055,2754.885
1008,2025-01-24,2754.605,2785.745,2753.775,2771.105
1009,2025-01-27,2770.8,2772.6,2730.62,2740.93
1010,2025-01-28,2740.295,2765.025,2734.895,2763.89
1011,2025-01-29,2763.055,2766.185,2745.105,2759.62
1012,2025-01-30,2759.605,2798.425,2758.315,2794.195
1013,2025-01-31,2793.73,2817.17,2791.2,2801.28
1014,2025-02-03,2801.65,2830.49,2772.47,2815.0
1015,2025-02-04,2814.715,2845.43,2807.39,2842.58
1016,2025-02-05,2841.955,2882.275,2839.885,2866.67
1017,2025-02-06,2866.63,2873.225,2834.395,2856.035
1018,2025-02-07,2856.585,2886.825,2852.805,2860.655
1019,2025-02-10,2858.98,2911.255,2855.025,2908.045
1020,2025-02-11,2908.04,2942.66,2882.06,2897.58
1021,2025-02-12,2897.61,2909.06,2864.78,2903.91
1022,2025-02-13,2904.395,2929.53,2900.81,2928.14
1023,2025-02-14,2927.945,2940.06,2877.16,2885.16
1024,2025-02-17,2884.98,2906.365,2878.915,2899.265
1025,2025-02-18,2898.87,2936.95,2892.18,2935.29
1026,2025-02-19,2935.52,2946.91,2918.95,2932.94
1027,2025-02-20,2933.46,2954.88,2924.63,2939.675
1028,2025-02-21,2938.78,2949.79,2917.07,2934.92
1029,2025-02-24,2934.13,2956.18,2921.55,2952.76
1030,2025-02-25,2952.545,2953.585,2889.525,2914.995
1031,2025-02-26,2914.99,2930.16,2891.14,2916.38
1032,2025-02-27,2916.85,2920.85,2868.1,2877.07
1033,2025-02-28,2877.065,2885.095,2832.885,2854.945
1034,2025-03-03,2855.6,2895.305,2855.6,2892.82
1035,2025-03-04,2892.57,2927.84,2882.08,2917.99
1036,2025-03-05,2917.855,2929.88,2894.65,2919.17
1037,2025-03-06,2919.51,2926.55,2891.52,2911.14
1038,2025-03-07,2911.37,2930.25,2897.39,2909.36
1039,2025-03-10,2911.96,2918.3,2880.33,2884.98
1040,2025-03-11,2884.86,2922.12,2880.97,2917.51
1041,2025-03-12,2917.65,2940.44,2906.35,2938.16
1042,2025-03-13,2938.25,2989.765,2933.03,2987.325
1043,2025-03-14,2987.355,3004.945,2978.865,2985.045
1044,2025-03-17,2989.135,3003.66,2982.325,3000.285
1045,2025-03-18,3000.295,3038.205,2999.695,3034.55
1046,2025-03-19,3034.65,3051.98,3023.07,3050.21
1047,2025-03-20,3050.17,3057.34,3025.85,3045.81
1048,2025-03-21,3045.75,3047.55,2999.61,3023.84
1049,2025-03-24,3025.68,3033.34,3002.61,3011.56
1050,2025-03-25,3011.59,3035.89,3007.73,3021.42
1051,2025-03-26,3021.38,3032.08,3012.47,3019.32
1052,2025-03-27,3019.5,3059.38,3017.73,3055.22
1053,2025-03-28,3055.31,3086.81,3054.33,3085.25
1054,2025-03-31,3088.82,3127.695,3076.935,3123.275
1055,2025-04-01,3123.28,3149.01,3101.12,3114.36
1056,2025-04-02,3114.345,3142.425,3105.515,3135.565
1057,2025-04-03,3138.74,3167.59,3054.25,3114.735
1058,2025-04-04,3115.1,3136.235,3015.985,3036.385
1059,2025-04-07,3015.76,3054.69,2956.88,2983.235
1060,2025-04-08,2981.645,3022.745,2975.025,2982.835
1061,2025-04-09,2983.205,3099.235,2970.375,3082.94
1062,2025-04-10,3083.905,3176.405,3071.575,3175.605
1063,2025-04-11,3175.75,3245.45,3175.75,3230.98
1064,2025-04-14,3228.38,3245.685,3193.835,3210.705
1065,2025-04-15,3211.655,3233.405,3210.215,3230.065
1066,2025-04-16,3230.845,3343.24,3229.935,3343.055
1067,2025-04-17,3343.315,3357.635,3284.345,3327.365
1068,2025-04-21,3332.605,3430.535,3329.445,3424.405
1069,2025-04-22,3423.945,3499.955,3367.495,3381.16
1070,2025-04-23,3353.18,3386.35,3261.15,3288.33
1071,2025-04-24,3289.73,3367.32,3289.73,3349.595
1072,2025-04-25,3351.305,3370.665,3265.425,3304.985
1073,2025-04-28,3325.35,3352.995,3268.435,3343.885
1074,2025-04-29,3344.785,3348.575,3300.085,3317.245
1075,2025-04-30,3315.29,3327.845,3267.735,3288.4
1076,2025-05-01,3287.955,3290.18,3202.78,3238.95
1077,2025-05-02,3240.495,3269.29,3223.13,3233.67
1078,2025-05-05,3241.03,3337.455,3237.935,3333.915
1079,2025-05-06,3335.865,3434.945,3323.775,3431.765
1080,2025-05-07,3437.845,3437.935,3360.485,3364.485
1081,2025-05-08,3364.48,3414.54,3289.18,3305.51
1082,2025-05-09,3306.79,3347.395,3274.845,3328.945
1083,2025-05-12,3271.86,3311.24,3207.875,3235.915
1084,2025-05-13,3238.655,3265.145,3216.195,3250.225
1085,2025-05-14,3250.22,3257.12,3169.04,3177.53
1086,2025-05-15,3177.33,3240.67,3121.19,3239.83
1087,2025-05-16,3240.23,3252.16,3154.69,3192.46
1088,2025-05-19,3210.48,3249.705,3207.105,3229.755
1089,2025-05-20,3230.68,3295.755,3204.685,3289.985
1090,2025-05-21,3290.6,3324.85,3286.11,3315.43
1091,2025-05-22,3315.425,3345.365,3280.575,3294.745
1092,2025-05-23,3294.75,3365.91,3287.32,3360.91
1093,2025-05-26,3355.43,3356.62,3324.4,3342.25
1094,2025-05-27,3343.13,3349.785,3286.555,3300.705
1095,2025-05-28,3301.715,3325.395,3277.105,3287.525
1096,2025-05-29,3287.52,3330.64,3245.72,3317.72
1097,2025-05-30,3317.725,3322.665,3272.025,3294.895
1098,2025-06-02,3299.42,3382.88,3299.42,3381.62
1099,2025-06-03,3382.59,3392.18,3333.56,3353.45
1100,2025-06-04,3353.445,3384.675,3344.095,3372.695
1101,2025-06-05,3372.7,3402.79,3339.98,3352.82
1102,2025-06-06,3352.825,3375.625,3311.455,3312.435
1103,2025-06-09,3311.845,3338.185,3293.875,3325.665
1104,2025-06-10,3326.225,3349.195,3301.975,3323.225
1105,2025-06-11,3322.245,3360.515,3315.845,3355.075
1106,2025-06-12,3356.525,3398.835,3339.145,3385.88
1107,2025-06-13,3385.355,3446.72,3380.02,3432.53
1108,2025-06-16,3452.005,3454.04,3382.99,3385.24
1109,2025-06-17,3386.13,3403.33,3366.36,3388.63
1110,2025-06-18,3391.62,3399.86,3362.89,3369.41
1111,2025-06-19,3369.415,3387.745,3348.005,3370.625
1112,2025-06-20,3370.255,3374.365,3340.535,3365.465
1113,2025-06-23,3396.525,3396.525,3347.705,3368.755
1114,2025-06-24,3368.4,3369.515,3295.695,3324.035
1115,2025-06-25,3324.635,3337.065,3312.215,3332.295
1116,2025-06-26,3335.045,3350.245,3310.405,3327.905
1117,2025-06-27,3327.8,3327.995,3256.535,3271.135
1118,2025-06-30,3277.21,3309.45,3248.61,3303.05
1119,2025-07-01,3303.045,3357.845,3302.415,3338.525
1120,2025-07-02,3339.34,3360.055,3327.745,3357.675
1121,2025-07-03,3358.51,3365.825,3311.905,3326.105
1122,2025-07-04,3325.725,3345.095,3323.695,3337.345
1123,2025-07-07,3336.21,3342.525,3297.035,3336.965
1124,2025-07-08,3339.36,3345.715,3287.435,3301.605
1125,2025-07-09,3302.635,3316.885,3282.965,3313.685
1126,2025-07-10,3314.645,3330.325,3310.435,3324.045
1127,2025-07-11,3324.495,3359.905,3322.005,3356.445
1128,2025-07-14,3363.19,3374.965,3341.195,3343.505
1129,2025-07-15,3344.385,3366.315,3320.415,3323.985
1130,2025-07-16,3324.585,3376.785,3319.945,3347.575
1131,2025-07-17,3348.825,3352.145,3310.035,3339.205
1132,2025-07-18,3341.755,3361.255,3331.925,3348.295
1133,2025-07-21,3349.57,3401.145,3343.44,3397.135
1134,2025-07-22,3397.715,3433.415,3383.415,3431.745
1135,2025-07-23,3432.055,3439.025,3382.195,3387.265
1136,2025-07-24,3389.855,3393.475,3351.605,3368.625
1137,2025-07-25,3368.425,3373.365,3325.555,3337.535
1138,2025-07-28,3316.95,3345.215,3301.985,3314.625
1139,2025-07-29,3314.955,3333.995,3308.405,3326.615
1140,2025-07-30,3326.915,3334.075,3268.415,3275.52
1141,2025-07-31,3276.765,3314.685,3274.155,3289.985
1142,2025-08-01,3290.435,3361.275,3281.795,3357.095
1143,2025-08-04,3366.445,3385.365,3345.125,3373.705
1144,2025-08-05,3374.525,3390.455,3349.985,3380.895
1145,2025-08-06,3381.45,3385.395,3358.345,3369.365
1146,2025-08-07,3370.575,3401.765,3365.345,3397.78
1147,2025-08-08,3404.015,3407.33,3377.8,3398.505
1148,2025-08-11,3399.265,3404.625,3341.695,3342.625
1149,2025-08-12,3343.3,3358.365,3331.335,3348.205
1150,2025-08-13,3349.155,3370.705,3342.755,3355.995
1151,2025-08-14,3357.255,3374.715,3330.025,3335.535
1152,2025-08-15,3336.915,3348.855,3332.435,3339.135
1153,2025-08-18,3337.09,3358.305,3323.815,3332.915
1154,2025-08-19,3333.61,3345.325,3315.085,3315.9
1155,2025-08-20,3316.525,3350.035,3311.625,3348.515
1156,2025-08-21,3350.565,3352.175,3325.865,3339.075
1157,2025-08-22,3339.185,3378.665,3321.525,3373.235
1158,2025-08-25,3371.3,3376.175,3359.845,3365.775
1159,2025-08-26,3365.58,3393.715,3351.395,3393.685
1160,2025-08-27,3393.35,3398.805,3373.955,3397.475
1161,2025-08-28,3398.985,3423.005,3384.735,3416.615
1162,2025-08-29,3417.665,3453.725,3404.545,3452.355
1163,2025-09-01,3448.08,3489.865,3437.155,3476.665
1164,2025-09-02,3477.51,3539.935,3470.365,3533.125
1165,2025-09-03,3532.43,3578.425,3526.575,3559.605
1166,2025-09-04,3561.375,3563.825,3511.995,3545.955
1167,2025-09-05,3546.145,3599.985,3540.155,3594.685
1168,2025-09-08,3584.655,3646.135,3580.235,3636.02
1169,2025-09-09,3635.63,3673.825,3625.74,3626.01
1170,2025-09-10,3622.95,3657.445,3621.015,3640.705
1171,2025-09-11,3642.95,3649.115,3614.315,3634.035
1172,2025-09-12,3634.215,3656.615,3630.565,3644.185
1173,2025-09-15,3645.14,3685.505,3626.815,3679.245
1174,2025-09-16,3680.33,3703.075,3674.955,3689.805
1175,2025-09-17,3689.505,3707.235,3646.255,3659.65
1176,2025-09-18,3659.69,3672.975,3628.345,3644.475
1177,2025-09-19,3643.755,3685.205,3632.955,3684.445
1178,2025-09-22,3687.4,3748.825,3683.815,3746.5
1179,2025-09-23,3745.805,3790.985,3737.375,3764.68
1180,2025-09-24,3765.895,3779.195,3717.485,3736.135
1181,2025-09-25,3736.805,3761.515,3722.595,3749.375
1182,2025-09-26,3751.29,3783.695,3734.855,3766.715
1183,2025-09-29,3757.415,3834.225,3757.05,3833.46
1184,2025-09-30,3833.345,3871.785,3793.385,3858.72
1185,2025-10-01,3858.98,3895.345,3853.565,3865.745
1186,2025-10-02,3868.085,3896.575,3820.165,3856.605
1187,2025-10-03,3856.285,3891.405,3838.235,3885.925
1188,2025-10-06,3888.295,3969.835,3884.405,3960.055
1189,2025-10-07,3958.905,3990.975,3941.025,3984.845
1190,2025-10-08,3984.985,4059.075,3983.405,4041.01
1191,2025-10-09,4044.36,4057.855,3945.085,3977.06
1192,2025-10-10,3975.085,4022.105,3947.625,4010.675
1193,2025-10-13,3994.32,4117.185,3994.32,4110.23
1194,2025-10-14,4109.425,4179.575,4090.885,4141.98
1195,2025-10-15,4144.04,4218.255,4140.815,4208.05
1196,2025-10-16,4210.195,4330.495,4200.435,4328.08
1197,2025-10-17,4332.045,4379.535,4187.775,4225.385
1198,2025-10-20,4252.07,4381.205,4219.325,4356.07
1199,2025-10-21,4354.315,4375.125,4082.055,4124.82
1200,2025-10-22,4126.255,4161.385,4004.585,4098.34
1201,2025-10-23,4095.585,4154.765,4066.715,4126.67
1202,2025-10-24,4130.115,4143.985,4045.655,4103.945
1203,2025-10-27,4083.415,4097.425,3972.225,3989.755
1204,2025-10-28,3990.035,4019.575,3886.915,3934.685
1205,2025-10-29,3934.115,4030.015,3917.525,3941.685
1206,2025-10-30,3941.455,4045.805,3915.735,4037.845
1207,2025-10-31,4038.055,4042.875,3972.785,4002.775
1208,2025-11-03,3985.07,4030.165,3962.845,4001.32
1209,2025-11-04,4001.405,4005.785,3928.855,3932.075
1210,2025-11-05,3934.16,3990.085,3930.775,3979.68
1211,2025-11-06,3976.91,4019.565,3964.685,3977.185
1212,2025-11-07,3977.8,4027.345,3974.99,4004.175
1213,2025-11-10,3999.93,4116.615,3999.93,4116.025
1214,2025-11-11,4116.335,4148.925,4097.505,4126.885
1215,2025-11-12,4128.115,4211.765,4099.135,4195.55
1216,2025-11-13,4197.015,4245.025,4145.845,4171.125
1217,2025-11-14,4171.84,4211.345,4033.235,4087.065
1218,2025-11-17,4083.23,4106.845,4007.245,4045.24
1219,2025-11-18,4048.325,4082.135,3998.565,4067.335
1220,2025-11-19,4068.455,4132.725,4055.735,4077.865
1221,2025-11-20,4079.905,4110.195,4039.205,4077.19
1222,2025-11-21,4074.985,4100.635,4023.795,4068.485
1223,2025-11-24,4069.38,4139.975,4040.245,4135.52
1224,2025-11-25,4134.105,4159.015,4110.535,4130.665
1225,2025-11-26,4134.605,4173.465,4130.005,4163.42
1226,2025-11-27,4164.715,4168.715,4142.925,4157.3
1227,2025-11-28,4159.735,4252.05,4148.385,4252.05
1228,2025-12-01,4230.11,4264.41,4206.52,4231.515
1229,2025-12-02,4232.53,4235.935,4164.79,4206.26
1230,2025-12-03,4207.685,4241.395,4194.655,4202.84
1231,2025-12-04,4205.195,4219.195,4175.72,4207.915
1232,2025-12-05,4208.62,4259.18,4195.31,4202.205
1233,2025-12-08,4196.86,4219.095,4176.905,4190.42
1234,2025-12-09,4190.03,4221.295,4170.29,4207.715
1235,2025-12-10,4208.38,4238.48,4182.05,4228.5
1236,2025-12-11,4229.07,4285.885,4204.72,4280.64
1237,2025-12-12,4281.68,4353.04,4258.005,4299.9
1238,2025-12-15,4296.86,4350.02,4285.82,4305.465
1239,2025-12-16,4306.44,4335.005,4272.635,4302.265
1240,2025-12-17,4302.925,4348.555,4301.79,4338.77
1241,2025-12-18,4338.035,4374.65,4308.715,4332.46
1242,2025-12-19,4332.835,4356.49,4309.505,4339.645
1243,2025-12-22,4339.39,4449.16,4338.3,4443.265
1244,2025-12-23,4446.27,4499.865,4431.485,4484.305
1245,2025-12-24,4486.725,4525.075,4448.51,4479.325
1246,2025-12-26,4494.09,4549.815,4474.5,4531.58
1247,2025-12-29,4543.99,4549.305,4304.44,4332.01
1248,2025-12-30,4335.035,4404.065,4323.875,4338.71
1249,2025-12-31,4343.03,4373.135,4274.63,4318.59
1250,2026-01-02,4333.37,4402.34,4310.745,4331.505
1251,2026-01-05,4353.42,4455.635,4346.21,4449.125
1252,2026-01-06,4449.41,4497.295,4429.255,4495.035
1253,2026-01-07,4497.135,4500.385,4423.585,4456.41
1254,2026-01-08,4460.98,4479.495,4407.945,4478.355
1255,2026-01-09,4480.135,4516.745,4453.205,4508.015
1256,2026-01-12,4525.39,4629.955,4508.015,4598.515
1257,2026-01-13,4605.02,4634.125,4571.125,4586.07
1258,2026-01-14,4589.38,4643.075,4589.045,4627.52
1259,2026-01-15,4630.725,4632.72,4581.455,4616.175
1260,2026-01-16,4619.43,4620.675,4537.87,4582.265
1261,2026-01-19,4634.7,4691.03,4582.265,4671.02
1262,2026-01-20,4674.645,4766.07,4659.84,4763.63
1263,2026-01-21,4765.03,4887.78,4757.43,4832.66
1264,2026-01-22,4833.965,4940.84,4774.16,4936.16
1265,2026-01-23,4941.97,4989.89,4900.12,4981.83
1266,2026-01-26,5008.61,5110.35,4981.83,5010.965
1267,2026-01-27,5014.035,5190.31,5013.825,5178.535
1268,2026-01-28,5180.45,5418.87,5157.495,5415.17
1269,2026-01-29,5425.04,5595.435,5109.325,5378.77
1270,2026-01-30,5378.725,5451.02,4689.945,4847.87
